"ID","Name","Is_Closed","URL","Review_Count","Categories","Rating","Latitude","Longitude","Price","Address"
"eKPt-RkjXhJLyiqLvHze7w","Bonnie's Cafe","FALSE","https://www.yelp.com/biz/bonnies-cafe-glenwood-city?adjust_creative=QNZpjiWMh-xtTiixb79gYw&utm_campaign=yelp_api_v3&utm_medium=api_v3_business_search&utm_source=QNZpjiWMh-xtTiixb79gYw","1","Desserts | Breakfast & Brunch | American (Traditional)","5","45.05849","-92.17258","","106 E Oak St"
"_3zCrm9Pw9rCgyGM2hkCog","Fatboy's Eating & Drinking Emporium","FALSE","https://www.yelp.com/biz/fatboys-eating-and-drinking-emporium-boyceville?adjust_creative=QNZpjiWMh-xtTiixb79gYw&utm_campaign=yelp_api_v3&utm_medium=api_v3_business_search&utm_source=QNZpjiWMh-xtTiixb79gYw","2","Restaurants","5","45.04457","-92.04065","$","805 Main St"
"oFoklceVHfTJXaN_HGMEUQ","Downing Cafe & Bakery","FALSE","https://www.yelp.com/biz/downing-cafe-and-bakery-downing?adjust_creative=QNZpjiWMh-xtTiixb79gYw&utm_campaign=yelp_api_v3&utm_medium=api_v3_business_search&utm_source=QNZpjiWMh-xtTiixb79gYw","1","Bakeries | Cafes","4","45.0461845","-92.1336441","","306 Main St"
"zCPdk3Vw8Thjzgu4-pFfuA","Dairyland Cafe","FALSE","https://www.yelp.com/biz/dairyland-cafe-ridgeland?adjust_creative=QNZpjiWMh-xtTiixb79gYw&utm_campaign=yelp_api_v3&utm_medium=api_v3_business_search&utm_source=QNZpjiWMh-xtTiixb79gYw","2","Restaurants","5","45.2040939331055","-91.897575378418","","125 N Diamond St"
"3tbpsfQVAtw_BbUfqgZfvA","Gosnell's Packer Inn","FALSE","https://www.yelp.com/biz/gosnells-packer-inn-prairie-farm?adjust_creative=QNZpjiWMh-xtTiixb79gYw&utm_campaign=yelp_api_v3&utm_medium=api_v3_business_search&utm_source=QNZpjiWMh-xtTiixb79gYw","1","Bars | Burgers | Pizza","3","45.2374572753906","-91.9819412231445","","225 River Ave S"
"Ty7O9o-MdaWnkht4skL3aw","Sportsmen's Bar & Grill","FALSE","https://www.yelp.com/biz/sportsmens-bar-and-grill-ridgeland?adjust_creative=QNZpjiWMh-xtTiixb79gYw&utm_campaign=yelp_api_v3&utm_medium=api_v3_business_search&utm_source=QNZpjiWMh-xtTiixb79gYw","1","Bars | Burgers","4","45.2027029","-91.8971406","$","135 Diamond St"
"LfKdWLginfWv2AF1Amqqjw","Prairie Farm Cenex","FALSE","https://www.yelp.com/biz/prairie-farm-cenex-prairie-farm?adjust_creative=QNZpjiWMh-xtTiixb79gYw&utm_campaign=yelp_api_v3&utm_medium=api_v3_business_search&utm_source=QNZpjiWMh-xtTiixb79gYw","1","Convenience Stores | Gas Stations | Pizza","1","45.23642","-91.9813999","","310 River Ave S"
"inEtsPAQpkcNJ1neMpJPKg","Menomonie Family Restaurant","FALSE","https://www.yelp.com/biz/menomonie-family-restaurant-menomonie?adjust_creative=QNZpjiWMh-xtTiixb79gYw&utm_campaign=yelp_api_v3&utm_medium=api_v3_business_search&utm_source=QNZpjiWMh-xtTiixb79gYw","33","Breakfast & Brunch","4","44.914794","-91.929901","$","2616 Hils Ct"
"xaTozddkaGeg_VJzsQ_o3g","Los Cabos Mexican Grill","FALSE","https://www.yelp.com/biz/los-cabos-mexican-grill-menomonie?adjust_creative=QNZpjiWMh-xtTiixb79gYw&utm_campaign=yelp_api_v3&utm_medium=api_v3_business_search&utm_source=QNZpjiWMh-xtTiixb79gYw","16","Mexican","4","44.9121827358854","-91.9348812103271","$","2421 State Hwy 25 N"
"ZPcukfwMx3vepvZ-boy4ow","Stout Ale House","FALSE","https://www.yelp.com/biz/stout-ale-house-menomonie?adjust_creative=QNZpjiWMh-xtTiixb79gYw&utm_campaign=yelp_api_v3&utm_medium=api_v3_business_search&utm_source=QNZpjiWMh-xtTiixb79gYw","30","Sports Bars | American (Traditional)","2.5","44.90003","-91.93394","$$","1501 N Broadway St"
"QZ9Dtv60_AY-Cq8LxJUThQ","Applebee's Grill + Bar","FALSE","https://www.yelp.com/biz/applebees-grill-bar-menomonie?adjust_creative=QNZpjiWMh-xtTiixb79gYw&utm_campaign=yelp_api_v3&utm_medium=api_v3_business_search&utm_source=QNZpjiWMh-xtTiixb79gYw","5","Sports Bars | Burgers | American (Traditional)","3","44.910293","-91.934721","$$","2303 State Hwy 25 N"
"Qlehr2RUAf8Gy2SVh5ILhQ","Denny's","FALSE","https://www.yelp.com/biz/dennys-menomonie?adjust_creative=QNZpjiWMh-xtTiixb79gYw&utm_campaign=yelp_api_v3&utm_medium=api_v3_business_search&utm_source=QNZpjiWMh-xtTiixb79gYw","16","American (Traditional) | Breakfast & Brunch | Diners","2.5","44.9038147725163","-91.9330787658691","$","1827 N Broadway St"
"cVHLGN8q8SDK0tM_6CKDuA","Perkins Restaurant & Bakery","FALSE","https://www.yelp.com/biz/perkins-restaurant-and-bakery-menomonie?adjust_creative=QNZpjiWMh-xtTiixb79gYw&utm_campaign=yelp_api_v3&utm_medium=api_v3_business_search&utm_source=QNZpjiWMh-xtTiixb79gYw","9","Bakeries | Breakfast & Brunch | American (Traditional)","3","44.9027084006965","-91.931005364418","$","1720 N Broadway"
"Ysdh8JaFvJ-AXqTUhn-AaA","China Buffet","FALSE","https://www.yelp.com/biz/china-buffet-menomonie?adjust_creative=QNZpjiWMh-xtTiixb79gYw&utm_campaign=yelp_api_v3&utm_medium=api_v3_business_search&utm_source=QNZpjiWMh-xtTiixb79gYw","4","Chinese","3","44.9105650931597","-91.9339793175459","$","2421 State Highway 25 N"
"e57PKTzU4hUgVLFtGChJGg","Taco Bell","FALSE","https://www.yelp.com/biz/taco-bell-menomonie?adjust_creative=QNZpjiWMh-xtTiixb79gYw&utm_campaign=yelp_api_v3&utm_medium=api_v3_business_search&utm_source=QNZpjiWMh-xtTiixb79gYw","7","Mexican | Tex-Mex | Fast Food","4","44.899771","-91.932178","$","1401 N Broadway"
"XdHeB5OJJ4gsvvYjV8vLYw","McDonald's","FALSE","https://www.yelp.com/biz/mcdonalds-menomonie?adjust_creative=QNZpjiWMh-xtTiixb79gYw&utm_campaign=yelp_api_v3&utm_medium=api_v3_business_search&utm_source=QNZpjiWMh-xtTiixb79gYw","12","Burgers | Fast Food | Coffee & Tea","3.5","44.9002929","-91.9324625","$","1505 N Broadway"
"RXHtrfTtzQPKTnp0NnPW7A","Wendy's","FALSE","https://www.yelp.com/biz/wendys-menomonie?adjust_creative=QNZpjiWMh-xtTiixb79gYw&utm_campaign=yelp_api_v3&utm_medium=api_v3_business_search&utm_source=QNZpjiWMh-xtTiixb79gYw","3","Fast Food | Burgers","2","44.90175","-91.93245","$","1627 Broadway St N"
"ejGZ-4hM1jVlBrAeoh3BHw","Pizza Hut","FALSE","https://www.yelp.com/biz/pizza-hut-menomonie-2?adjust_creative=QNZpjiWMh-xtTiixb79gYw&utm_campaign=yelp_api_v3&utm_medium=api_v3_business_search&utm_source=QNZpjiWMh-xtTiixb79gYw","5","Italian | Pizza | Chicken Wings","3.5","44.910749","-91.934998","$$","2307 Hwy 25 N"
"t9mi41NeyJeCrHZCPCGpBQ","Taco John's","FALSE","https://www.yelp.com/biz/taco-johns-menomonie-2?adjust_creative=QNZpjiWMh-xtTiixb79gYw&utm_campaign=yelp_api_v3&utm_medium=api_v3_business_search&utm_source=QNZpjiWMh-xtTiixb79gYw","8","Fast Food | Mexican","2.5","44.9005873829659","-91.9312691912273","$","1526 Broadway St N"
"RalTZZJr-tBA7mKxTuGnOw","Lucette Woodfire Eatery","FALSE","https://www.yelp.com/biz/lucette-woodfire-eatery-menomonie?adjust_creative=QNZpjiWMh-xtTiixb79gYw&utm_campaign=yelp_api_v3&utm_medium=api_v3_business_search&utm_source=QNZpjiWMh-xtTiixb79gYw","49","Pizza | Breweries","4.5","44.8751171129129","-91.9400069318927","$$","910 Hudson Rd"
"a495DvmAFYkYlOfyl3enWg","Log Jam","FALSE","https://www.yelp.com/biz/log-jam-menomonie?adjust_creative=QNZpjiWMh-xtTiixb79gYw&utm_campaign=yelp_api_v3&utm_medium=api_v3_business_search&utm_source=QNZpjiWMh-xtTiixb79gYw","49","Bars | American (New)","4","44.8761746772878","-91.9299218890774","$$","709 S Broadway"
"6TQYeFvZrsyzB68NNVu-Ew","Zanzibar Restaurant & Pub","FALSE","https://www.yelp.com/biz/zanzibar-restaurant-and-pub-menomonie?adjust_creative=QNZpjiWMh-xtTiixb79gYw&utm_campaign=yelp_api_v3&utm_medium=api_v3_business_search&utm_source=QNZpjiWMh-xtTiixb79gYw","39","American (New)","4","44.8762016296387","-91.9276580810547","$$","228 E Main St"
"rYLf4iyVL7wRZlFnGWQsWQ","Jake's Supper Club","FALSE","https://www.yelp.com/biz/jakes-supper-club-menomonie-3?adjust_creative=QNZpjiWMh-xtTiixb79gYw&utm_campaign=yelp_api_v3&utm_medium=api_v3_business_search&utm_source=QNZpjiWMh-xtTiixb79gYw","31","Bars | American (Traditional) | Steakhouses","4","44.9686671374","-91.8754782294","$$","E5690 County Rd D"
"s6Nk9R1IjvIbCbZcWTuz7Q","The Waterfront","FALSE","https://www.yelp.com/biz/the-waterfront-menomonie?adjust_creative=QNZpjiWMh-xtTiixb79gYw&utm_campaign=yelp_api_v3&utm_medium=api_v3_business_search&utm_source=QNZpjiWMh-xtTiixb79gYw","34","American (New)","4","44.8780459946314","-91.9280463845197","$$","512 Crescent St"
"WzTufAyp-hfF0hfkVhIBMQ","Skoog's Parkside","FALSE","https://www.yelp.com/biz/skoogs-parkside-menomonie?adjust_creative=QNZpjiWMh-xtTiixb79gYw&utm_campaign=yelp_api_v3&utm_medium=api_v3_business_search&utm_source=QNZpjiWMh-xtTiixb79gYw","18","Steakhouses","3.5","44.893386","-91.931796","$$$","932 Broadway St N"
"MWIzWRxZQqrgWcANoX7j7w","Kyote's Den","FALSE","https://www.yelp.com/biz/kyotes-den-menomonie?adjust_creative=QNZpjiWMh-xtTiixb79gYw&utm_campaign=yelp_api_v3&utm_medium=api_v3_business_search&utm_source=QNZpjiWMh-xtTiixb79gYw","2","Bars | American (Traditional) | Breakfast & Brunch","4.5","44.8932051319847","-92.0423657074571","","82339 Highway 29"
"-KdZgZ1Qr2PjXnfnSoYctA","Stacked","FALSE","https://www.yelp.com/biz/stacked-menomonie?adjust_creative=QNZpjiWMh-xtTiixb79gYw&utm_campaign=yelp_api_v3&utm_medium=api_v3_business_search&utm_source=QNZpjiWMh-xtTiixb79gYw","6","Cocktail Bars | Sandwiches | Hot Dogs","4.5","44.8770908752587","-91.9299271702766","","617 Broadway St S"
"NUI8U5CL0fArSBjv0v_Qdg","The Duke & Dagger","FALSE","https://www.yelp.com/biz/the-duke-and-dagger-menomonie?adjust_creative=QNZpjiWMh-xtTiixb79gYw&utm_campaign=yelp_api_v3&utm_medium=api_v3_business_search&utm_source=QNZpjiWMh-xtTiixb79gYw","18","British | Pubs","3.5","44.8771830577944","-91.9304850697517","$$","120 6th Ave W"
"etnrXwUDsazQ0Erd-YcaoQ","Silver Dollar Saloon & Brick","FALSE","https://www.yelp.com/biz/silver-dollar-saloon-and-brick-menomonie?adjust_creative=QNZpjiWMh-xtTiixb79gYw&utm_campaign=yelp_api_v3&utm_medium=api_v3_business_search&utm_source=QNZpjiWMh-xtTiixb79gYw","17","Bars | American (Traditional)","3.5","44.87669","-91.92667","$$","315 Main St E"
"kDpbN-Bzn6gXRCwwVGRCcg","The Acoustic Cafe","FALSE","https://www.yelp.com/biz/the-acoustic-cafe-menomonie?adjust_creative=QNZpjiWMh-xtTiixb79gYw&utm_campaign=yelp_api_v3&utm_medium=api_v3_business_search&utm_source=QNZpjiWMh-xtTiixb79gYw","48","Sandwiches | Cafes | Coffee & Tea","4","44.8765028","-91.9297994","$","102 Main St W"
"hw9ykZ8ziNwznVnC8PpqrA","The Raw Deal","FALSE","https://www.yelp.com/biz/the-raw-deal-menomonie?adjust_creative=QNZpjiWMh-xtTiixb79gYw&utm_campaign=yelp_api_v3&utm_medium=api_v3_business_search&utm_source=QNZpjiWMh-xtTiixb79gYw","28","Coffee & Tea | Vegan | Juice Bars & Smoothies","4.5","44.87726","-91.93014","$","603 S Broadway"
"6NhHgxyuTlPYvCk9J0zbDg","Netty Q's","FALSE","https://www.yelp.com/biz/netty-qs-menomonie?adjust_creative=QNZpjiWMh-xtTiixb79gYw&utm_campaign=yelp_api_v3&utm_medium=api_v3_business_search&utm_source=QNZpjiWMh-xtTiixb79gYw","6","Italian","3.5","44.8689596996473","-91.9189626350999","","1502 9th St E"
"nJlo2lw2kpatU5r76f1IGg","Pioneer Grill & Saloon","FALSE","https://www.yelp.com/biz/pioneer-grill-and-saloon-menomonie?adjust_creative=QNZpjiWMh-xtTiixb79gYw&utm_campaign=yelp_api_v3&utm_medium=api_v3_business_search&utm_source=QNZpjiWMh-xtTiixb79gYw","4","Pizza | Bars","3","44.969686","-91.87534","$","E5699 County Rd D"
"3fTlXOysEqCFtHkK7bhgFg","Tabby's Catfe","FALSE","https://www.yelp.com/biz/tabbys-catfe-menomonie?adjust_creative=QNZpjiWMh-xtTiixb79gYw&utm_campaign=yelp_api_v3&utm_medium=api_v3_business_search&utm_source=QNZpjiWMh-xtTiixb79gYw","3","Themed Cafes","4","44.87759","-91.93016","","541 S Broadway St"
"s7XGTcXoIj5IZNBHrp0tJQ","Hang's Cuisine","FALSE","https://www.yelp.com/biz/hangs-cuisine-menomonie?adjust_creative=QNZpjiWMh-xtTiixb79gYw&utm_campaign=yelp_api_v3&utm_medium=api_v3_business_search&utm_source=QNZpjiWMh-xtTiixb79gYw","22","Chinese | Imported Food","4","44.8698647780278","-91.9193314388394","$","1414 9th St E"
"QIoVo9yqVgIf4LLH-xTFNQ","Menomonie Market Food","FALSE","https://www.yelp.com/biz/menomonie-market-food-menomonie?adjust_creative=QNZpjiWMh-xtTiixb79gYw&utm_campaign=yelp_api_v3&utm_medium=api_v3_business_search&utm_source=QNZpjiWMh-xtTiixb79gYw","5","Grocery | Fruits & Veggies | Delis","5","44.8763151","-91.9204791","$","814 Main St E"
"47680ijaAo1QXYuX-lge5g","Ted's Pizza Palace","FALSE","https://www.yelp.com/biz/teds-pizza-palace-menomonie?adjust_creative=QNZpjiWMh-xtTiixb79gYw&utm_campaign=yelp_api_v3&utm_medium=api_v3_business_search&utm_source=QNZpjiWMh-xtTiixb79gYw","20","Pizza | Italian","4","44.87622","-91.92682","$$","306 Main St E"
"Qegu-oLhuc2xI0ho-zirrA","Cancun Mexican Grill","FALSE","https://www.yelp.com/biz/cancun-mexican-grill-menomonie?adjust_creative=QNZpjiWMh-xtTiixb79gYw&utm_campaign=yelp_api_v3&utm_medium=api_v3_business_search&utm_source=QNZpjiWMh-xtTiixb79gYw","14","Mexican","3","44.8812438592634","-91.9046781879435","$","1919 Stout Rd"
"DKzWz78KYbxpHq2o21R3cA","Captain PJ's BBQ","FALSE","https://www.yelp.com/biz/captain-pjs-bbq-menomonie?adjust_creative=QNZpjiWMh-xtTiixb79gYw&utm_campaign=yelp_api_v3&utm_medium=api_v3_business_search&utm_source=QNZpjiWMh-xtTiixb79gYw","1","Caterers | Barbeque","5","44.88052","-91.92956","",""
"tbiNrG2V9i_LH6jNnZ2K1A","Burrito California","FALSE","https://www.yelp.com/biz/burrito-california-menomonie?adjust_creative=QNZpjiWMh-xtTiixb79gYw&utm_campaign=yelp_api_v3&utm_medium=api_v3_business_search&utm_source=QNZpjiWMh-xtTiixb79gYw","4","Mexican","3.5","44.8763061464558","-91.9266151566037","$","334 E Main St"
"e9aaVu5uQ6K19XKw3o5k2Q","Marion's Legacy","FALSE","https://www.yelp.com/biz/marions-legacy-menomonie-2?adjust_creative=QNZpjiWMh-xtTiixb79gYw&utm_campaign=yelp_api_v3&utm_medium=api_v3_business_search&utm_source=QNZpjiWMh-xtTiixb79gYw","7","Cafes | Coffee & Tea | Bakeries","4","44.8770409","-91.9295883","$","632 Broadway St S"
"p9a2LCzMdV9oPztxvCL4eQ","Ky-Odie's Denn","FALSE","https://www.yelp.com/biz/ky-odies-denn-menomonie?adjust_creative=QNZpjiWMh-xtTiixb79gYw&utm_campaign=yelp_api_v3&utm_medium=api_v3_business_search&utm_source=QNZpjiWMh-xtTiixb79gYw","1","Bars | American (Traditional)","4","44.8934","-92.04252","$$","E2339 State Road 29"
"KCiEoQUqA3kuQ4snjfQK3g","Golden Leaf Cafe","FALSE","https://www.yelp.com/biz/golden-leaf-cafe-menomonie?adjust_creative=QNZpjiWMh-xtTiixb79gYw&utm_campaign=yelp_api_v3&utm_medium=api_v3_business_search&utm_source=QNZpjiWMh-xtTiixb79gYw","8","Restaurants","3.5","44.8802070617676","-91.9083251953125","","1706 Stout Rd"
"AiLYGYRTeoXjXWo5ITolFg","Erbert & Gerberts","FALSE","https://www.yelp.com/biz/erbert-and-gerberts-menomonie?adjust_creative=QNZpjiWMh-xtTiixb79gYw&utm_campaign=yelp_api_v3&utm_medium=api_v3_business_search&utm_source=QNZpjiWMh-xtTiixb79gYw","3","Sandwiches","2","44.87273","-91.93013","","1103 Broadway St S"
"t0sx1OBoM6V05H3ya88u6Q","Culver's","FALSE","https://www.yelp.com/biz/culvers-menomonie?adjust_creative=QNZpjiWMh-xtTiixb79gYw&utm_campaign=yelp_api_v3&utm_medium=api_v3_business_search&utm_source=QNZpjiWMh-xtTiixb79gYw","6","Burgers | Fast Food | Ice Cream & Frozen Yogurt","3.5","44.87879","-91.91348","$","1330 Stout Rd"
"3CITNEEATeD2-fChsaZ_rQ","Fortune Cookie Restaurant","FALSE","https://www.yelp.com/biz/fortune-cookie-restaurant-menomonie?adjust_creative=QNZpjiWMh-xtTiixb79gYw&utm_campaign=yelp_api_v3&utm_medium=api_v3_business_search&utm_source=QNZpjiWMh-xtTiixb79gYw","11","Restaurants","3","44.879508","-91.930007","$","319 Broadway St S"
"8ggWBYRPy5ABfp4TQRtxJA","Jimmy John's","FALSE","https://www.yelp.com/biz/jimmy-johns-menomonie?adjust_creative=QNZpjiWMh-xtTiixb79gYw&utm_campaign=yelp_api_v3&utm_medium=api_v3_business_search&utm_source=QNZpjiWMh-xtTiixb79gYw","4","Delis | Sandwiches | Fast Food","4","44.897541","-91.932487","$","1301 Broadway St N"
"4ceiCP5QGVcP07cXRM3pDA","Toppers Pizza","FALSE","https://www.yelp.com/biz/toppers-pizza-menomonie?adjust_creative=QNZpjiWMh-xtTiixb79gYw&utm_campaign=yelp_api_v3&utm_medium=api_v3_business_search&utm_source=QNZpjiWMh-xtTiixb79gYw","3","Pizza","3.5","44.8762","-91.9256","$$","406 Main St"
"i5Gl7p-jFhM8h_dvXe_gNw","Subway","FALSE","https://www.yelp.com/biz/subway-menomonie-3?adjust_creative=QNZpjiWMh-xtTiixb79gYw&utm_campaign=yelp_api_v3&utm_medium=api_v3_business_search&utm_source=QNZpjiWMh-xtTiixb79gYw","1","Sandwiches | Fast Food","1","44.879508","-91.930007","","319 Broadway St S"
"X05bpJuibdGzv9mgfx6R_g","Burger King","FALSE","https://www.yelp.com/biz/burger-king-menomonie-2?adjust_creative=QNZpjiWMh-xtTiixb79gYw&utm_campaign=yelp_api_v3&utm_medium=api_v3_business_search&utm_source=QNZpjiWMh-xtTiixb79gYw","2","Hot Dogs | Burgers","1.5","44.8760032653809","-91.9237289428711","$","544 Main St E"
"FechdRGp9G9P2Qmxq1xR9g","Exit 45 Restaurant & Bakery","FALSE","https://www.yelp.com/biz/exit-45-restaurant-and-bakery-menomonie?adjust_creative=QNZpjiWMh-xtTiixb79gYw&utm_campaign=yelp_api_v3&utm_medium=api_v3_business_search&utm_source=QNZpjiWMh-xtTiixb79gYw","28","Diners | Breakfast & Brunch | American (Traditional)","4","44.907574","-91.854031","$","2100 County Road B"
"o6z4PbVtFEnfbbKAWeA12A","A Little Slice of Italy","FALSE","https://www.yelp.com/biz/a-little-slice-of-italy-colfax?adjust_creative=QNZpjiWMh-xtTiixb79gYw&utm_campaign=yelp_api_v3&utm_medium=api_v3_business_search&utm_source=QNZpjiWMh-xtTiixb79gYw","3","Pizza | Italian | Pasta Shops","3.5","44.9974708557129","-91.7277526855469","$$","501 Main St"
"YLRQC6HkLGIEzhaO1e743g","Mom's Restaurant & Pub","FALSE","https://www.yelp.com/biz/moms-restaurant-and-pub-colfax?adjust_creative=QNZpjiWMh-xtTiixb79gYw&utm_campaign=yelp_api_v3&utm_medium=api_v3_business_search&utm_source=QNZpjiWMh-xtTiixb79gYw","4","Restaurants","4","44.99191","-91.72885","$","225 Bremer Ave"
"ifN_EF37OeNIsB8fTP4itQ","Buck Snort Bar & Grill","FALSE","https://www.yelp.com/biz/buck-snort-bar-and-grill-colfax?adjust_creative=QNZpjiWMh-xtTiixb79gYw&utm_campaign=yelp_api_v3&utm_medium=api_v3_business_search&utm_source=QNZpjiWMh-xtTiixb79gYw","4","Bars | Restaurants","3","44.99785","-91.72698","$$","512 Main St"
"62Gbs_jvs9r72DQSLbTCXg","Ms.Fitz Hideout","FALSE","https://www.yelp.com/biz/ms-fitz-hideout-bloomer?adjust_creative=QNZpjiWMh-xtTiixb79gYw&utm_campaign=yelp_api_v3&utm_medium=api_v3_business_search&utm_source=QNZpjiWMh-xtTiixb79gYw","2","American (Traditional) | Sports Bars | Steakhouses","5","45.088356","-91.627627","","2170 County Hwy A"
"qGNAOUvCLvB4DzgCp7pKHg","The Pourhouse","FALSE","https://www.yelp.com/biz/the-pourhouse-elk-mound?adjust_creative=QNZpjiWMh-xtTiixb79gYw&utm_campaign=yelp_api_v3&utm_medium=api_v3_business_search&utm_source=QNZpjiWMh-xtTiixb79gYw","2","Bars | Pizza | Sandwiches","4.5","44.8740586619415","-91.6943248938567","","W 301 Menomine St"
"x3R5jDZ2UzS5KlOF_6dobQ","Chetek Lanes Event Center & Pizzeria","FALSE","https://www.yelp.com/biz/chetek-lanes-event-center-and-pizzeria-chetek?adjust_creative=QNZpjiWMh-xtTiixb79gYw&utm_campaign=yelp_api_v3&utm_medium=api_v3_business_search&utm_source=QNZpjiWMh-xtTiixb79gYw","1","Pizza | Bowling | Venues & Event Spaces","5","45.30618","-91.645803","$","695 County Hwy Ss"
"GPEpaE89uo3254F1UEilsw","Juicy Shrimp Shack","FALSE","https://www.yelp.com/biz/juicy-shrimp-shack-elk-mound-2?adjust_creative=QNZpjiWMh-xtTiixb79gYw&utm_campaign=yelp_api_v3&utm_medium=api_v3_business_search&utm_source=QNZpjiWMh-xtTiixb79gYw","3","Seafood","2.5","44.8851265","-91.7325655","","N5696 850th St"
"6-Qo5l7FuiPtg_2a9UkwTw","The Junction","FALSE","https://www.yelp.com/biz/the-junction-elk-mound?adjust_creative=QNZpjiWMh-xtTiixb79gYw&utm_campaign=yelp_api_v3&utm_medium=api_v3_business_search&utm_source=QNZpjiWMh-xtTiixb79gYw","1","Burgers | Pizza | Sandwiches","5","44.8731534","-91.6910321","","100 Menomonie St"
"GDw1DAyDVUdxcUVKb8nNmw","The Timber Inn","FALSE","https://www.yelp.com/biz/the-timber-inn-downsville?adjust_creative=QNZpjiWMh-xtTiixb79gYw&utm_campaign=yelp_api_v3&utm_medium=api_v3_business_search&utm_source=QNZpjiWMh-xtTiixb79gYw","3","American (Traditional) | Bars","4.5","44.7743729184399","-91.9332634984863","$","E4496 County Rd C"
"og8TXoGgG4kzsQP8pYvtPw","Knapp, Stout, & Co. Store & Coffeehouse","FALSE","https://www.yelp.com/biz/knapp-stout-and-co-store-and-coffeehouse-downsville?adjust_creative=QNZpjiWMh-xtTiixb79gYw&utm_campaign=yelp_api_v3&utm_medium=api_v3_business_search&utm_source=QNZpjiWMh-xtTiixb79gYw","1","Cafes | Bakeries | Antiques","5","44.7748279","-91.9325581","$","E4507 County Road C"
"g-s-mY-e3DPCkt6Fnmm1ow","Cubby's","FALSE","https://www.yelp.com/biz/cubbys-downsville?adjust_creative=QNZpjiWMh-xtTiixb79gYw&utm_campaign=yelp_api_v3&utm_medium=api_v3_business_search&utm_source=QNZpjiWMh-xtTiixb79gYw","2","Sports Bars | Pizza","4.5","44.774746","-91.933153","$","E4499 County Rd C"
"GhYc57IfGYUHSAFIWNunxg","T J's Inn","FALSE","https://www.yelp.com/biz/t-js-inn-downsville?adjust_creative=QNZpjiWMh-xtTiixb79gYw&utm_campaign=yelp_api_v3&utm_medium=api_v3_business_search&utm_source=QNZpjiWMh-xtTiixb79gYw","2","Restaurants","5","44.77406","-91.93326","$$","E4496 Co Rd C"
"g43l2GrfWPQXh0AGGMAjZA","Papa Murphy's","FALSE","https://www.yelp.com/biz/papa-murphys-menomonie-3?adjust_creative=QNZpjiWMh-xtTiixb79gYw&utm_campaign=yelp_api_v3&utm_medium=api_v3_business_search&utm_source=QNZpjiWMh-xtTiixb79gYw","1","Pizza","1","44.88325","-91.9289","","2321 N Hwy 25"
"E7PS7zRODprPhbdI_Oh9Jg","Jimmy John's","FALSE","https://www.yelp.com/biz/jimmy-johns-menomonie-2?adjust_creative=QNZpjiWMh-xtTiixb79gYw&utm_campaign=yelp_api_v3&utm_medium=api_v3_business_search&utm_source=QNZpjiWMh-xtTiixb79gYw","1","Sandwiches | Fast Food | Delis","1","44.8670502","-91.9316711","","202 17th Ave W"
"bs1GrN_IxoMbiVtwEsMyKg","Domino's Pizza","FALSE","https://www.yelp.com/biz/dominos-pizza-menomonie?adjust_creative=QNZpjiWMh-xtTiixb79gYw&utm_campaign=yelp_api_v3&utm_medium=api_v3_business_search&utm_source=QNZpjiWMh-xtTiixb79gYw","3","Pizza | Chicken Wings | Sandwiches","2.5","44.87627","-91.93014","","705 Broadway St S"
"Yv6kki9ZynVAvq94Ift0Ag","The Rec Hall","FALSE","https://www.yelp.com/biz/the-rec-hall-arkansaw?adjust_creative=QNZpjiWMh-xtTiixb79gYw&utm_campaign=yelp_api_v3&utm_medium=api_v3_business_search&utm_source=QNZpjiWMh-xtTiixb79gYw","1","Pizza | Dive Bars","5","44.6335152699517","-92.0326316356659","","N6219 Coutny Rd N"
"CliXLvJvRiEc-sexVJz3aw","Panther Drive-In","FALSE","https://www.yelp.com/biz/panther-drive-in-durand?adjust_creative=QNZpjiWMh-xtTiixb79gYw&utm_campaign=yelp_api_v3&utm_medium=api_v3_business_search&utm_source=QNZpjiWMh-xtTiixb79gYw","4","Fast Food | Ice Cream & Frozen Yogurt","3.5","44.63403","-91.95369","$","1018 E Prospect St"
"fRcpKG40zrHhlsEQocQqRw","McDonald's","FALSE","https://www.yelp.com/biz/mcdonalds-durand-2?adjust_creative=QNZpjiWMh-xtTiixb79gYw&utm_campaign=yelp_api_v3&utm_medium=api_v3_business_search&utm_source=QNZpjiWMh-xtTiixb79gYw","1","Fast Food | Burgers | Coffee & Tea","3","44.6331062366237","-91.9515047874302","$$","604 Highway 10 E"
"Zik-uapDcOwffD5mcNF3aw","Corral Bar & Riverside Grill","FALSE","https://www.yelp.com/biz/corral-bar-and-riverside-grill-durand?adjust_creative=QNZpjiWMh-xtTiixb79gYw&utm_campaign=yelp_api_v3&utm_medium=api_v3_business_search&utm_source=QNZpjiWMh-xtTiixb79gYw","9","Bars | American (Traditional) | Breakfast & Brunch","4","44.62771","-91.96909","$$","318 W Main St"
"ndknOpaQzumbdLUxp8C-jg","Molly's On Main","FALSE","https://www.yelp.com/biz/mollys-on-main-plum-city?adjust_creative=QNZpjiWMh-xtTiixb79gYw&utm_campaign=yelp_api_v3&utm_medium=api_v3_business_search&utm_source=QNZpjiWMh-xtTiixb79gYw","5","American (New) | Bars | Venues & Event Spaces","4.5","44.63185","-92.19228","$$","515 Main St"
"pvz4tAShUFwB68Yn1PlBag","Perkz Cafe","FALSE","https://www.yelp.com/biz/perkz-cafe-durand?adjust_creative=QNZpjiWMh-xtTiixb79gYw&utm_campaign=yelp_api_v3&utm_medium=api_v3_business_search&utm_source=QNZpjiWMh-xtTiixb79gYw","3","American (Traditional) | Breakfast & Brunch | Burgers","5","44.62754","-91.96846","","311 W Main St"
"Bww1MuWMbuKeGyRkFIt_mw","Cell Block Lounge","FALSE","https://www.yelp.com/biz/cell-block-lounge-durand?adjust_creative=QNZpjiWMh-xtTiixb79gYw&utm_campaign=yelp_api_v3&utm_medium=api_v3_business_search&utm_source=QNZpjiWMh-xtTiixb79gYw","3","American (Traditional)","3.5","44.6286316","-91.9675522","","200 W Main St"
"jBe9oBuCy4PRQuY0CM_kbw","For Pete Sake's","FALSE","https://www.yelp.com/biz/for-pete-sakes-arkansaw?adjust_creative=QNZpjiWMh-xtTiixb79gYw&utm_campaign=yelp_api_v3&utm_medium=api_v3_business_search&utm_source=QNZpjiWMh-xtTiixb79gYw","1","Restaurants","5","44.63311","-92.03213","","N6210 County Rd N"
"GFNO4J6qGrPkKe2-W6MrOw","Dean's Restaurant","FALSE","https://www.yelp.com/biz/deans-restaurant-plum-city?adjust_creative=QNZpjiWMh-xtTiixb79gYw&utm_campaign=yelp_api_v3&utm_medium=api_v3_business_search&utm_source=QNZpjiWMh-xtTiixb79gYw","1","Bars | American (New)","4","44.6308708","-92.1924591","","421 Main St"
"bybsfpBKLGDoGNQbvlq5ew","Lone Pine Tavern","FALSE","https://www.yelp.com/biz/lone-pine-tavern-durand?adjust_creative=QNZpjiWMh-xtTiixb79gYw&utm_campaign=yelp_api_v3&utm_medium=api_v3_business_search&utm_source=QNZpjiWMh-xtTiixb79gYw","3","Restaurants","3.5","44.62827","-91.96284","",""
"4YRsazBpLK4kxy-w4T0Hjw","Alex's Pizza","FALSE","https://www.yelp.com/biz/alexs-pizza-durand?adjust_creative=QNZpjiWMh-xtTiixb79gYw&utm_campaign=yelp_api_v3&utm_medium=api_v3_business_search&utm_source=QNZpjiWMh-xtTiixb79gYw","4","Pizza","3.5","44.6284980773926","-91.9668273925781","$","119 W Main St"
"UzGa3OwBTfLkn3gYXCgVcg","Valley Golf Course & Supper Club","FALSE","https://www.yelp.com/biz/valley-golf-course-and-supper-club-mondovi?adjust_creative=QNZpjiWMh-xtTiixb79gYw&utm_campaign=yelp_api_v3&utm_medium=api_v3_business_search&utm_source=QNZpjiWMh-xtTiixb79gYw","1","Restaurants","4","44.5851682126522","-91.6422508656979","","S80 Golf Rd"
